[
  {
    "id": "a9784fb9-d3ad-414a-82ba-57bc3dd22abb",
    "data": [
      {
        "text": "I have a complaint regarding the fact that I\u0027m unable to access the online portal",
        "alias": "Complaint",
        "meta": "@sys.any",
        "userDefined": true
      }
    ],
    "isTemplate": false,
    "count": 0,
    "updated": 0
  },
  {
    "id": "d33330d5-2fe0-4182-bcf9-f9a6e6b84304",
    "data": [
      {
        "text": "... is troubling me",
        "alias": "Complaint",
        "meta": "@sys.any",
        "userDefined": true
      }
    ],
    "isTemplate": false,
    "count": 0,
    "updated": 0
  },
  {
    "id": "92c8cefd-9ea1-472d-95c0-0f1f942cbfa8",
    "data": [
      {
        "text": "my complaint is as follows",
        "alias": "Complaint",
        "meta": "@sys.any",
        "userDefined": true
      }
    ],
    "isTemplate": false,
    "count": 0,
    "updated": 0
  },
  {
    "id": "b6f0e708-3e46-4673-9940-0fddbe582ced",
    "data": [
      {
        "text": "My grievance is as follows",
        "alias": "Complaint",
        "meta": "@sys.any",
        "userDefined": true
      }
    ],
    "isTemplate": false,
    "count": 0,
    "updated": 0
  }
]