[
  {
    "id": "adb72db6-e946-4599-b752-40e12f73fdaf",
    "data": [
      {
        "text": "5678934567",
        "alias": "PhoneNumber",
        "meta": "@sys.phone-number",
        "userDefined": false
      }
    ],
    "isTemplate": false,
    "count": 0,
    "updated": 0
  },
  {
    "id": "f2a6d503-c911-43b6-a7e5-5851c6029cd8",
    "data": [
      {
        "text": "phone number is ",
        "userDefined": false
      },
      {
        "text": "3456767890",
        "alias": "PhoneNumber",
        "meta": "@sys.phone-number",
        "userDefined": false
      }
    ],
    "isTemplate": false,
    "count": 0,
    "updated": 0
  },
  {
    "id": "fb627a43-b780-41f9-aba4-4e786d827906",
    "data": [
      {
        "text": "mobile number is ",
        "userDefined": false
      },
      {
        "text": "3456789045",
        "alias": "PhoneNumber",
        "meta": "@sys.phone-number",
        "userDefined": false
      }
    ],
    "isTemplate": false,
    "count": 0,
    "updated": 0
  },
  {
    "id": "0f58d100-1905-42a8-919e-535376ac9a04",
    "data": [
      {
        "text": "5674889076",
        "alias": "PhoneNumber",
        "meta": "@sys.phone-number",
        "userDefined": false
      }
    ],
    "isTemplate": false,
    "count": 0,
    "updated": 0
  },
  {
    "id": "dcb7b172-5ce1-40c6-949b-a47f0f6918e3",
    "data": [
      {
        "text": "My registered mobile number is ",
        "userDefined": false
      },
      {
        "text": "9234567893",
        "alias": "PhoneNumber",
        "meta": "@sys.phone-number",
        "userDefined": false
      }
    ],
    "isTemplate": false,
    "count": 0,
    "updated": 0
  }
]